sn no.,motionsensor 1,mostionsensor1,temp,motion 1,motion 2,people,led on,people no.,light value
1,inactive,active,21,0,1,FALSE,off,0,130
2,Inactive,active,21,0,1,FALSE,off,0,131
3,Inactive,active,21,0,1,FALSE,off,0,131
4,Inactive,active,21,0,1,FALSE,off,0,132
5,Inactive,active,21,0,1,FALSE,off,0,132
6,Inactive,active,21,0,1,FALSE,off,0,133
7,Inactive,active,21,0,1,FALSE,off,0,133
8,Inactive,active,21,0,1,FALSE,off,0,134
9,Inactive,active,21,0,1,FALSE,off,0,134
10,Inactive,active,21,0,1,FALSE,off,0,135
11,Inactive,active,21,0,1,FALSE,off,0,135
12,Inactive,active,21,0,1,FALSE,off,0,136
13,Inactive,active,21,0,1,FALSE,off,0,136
14,Inactive,active,21,0,1,FALSE,off,0,137
15,Inactive,active,21,0,1,FALSE,off,0,137
16,Inactive,active,21,0,1,FALSE,off,0,138
17,Inactive,active,21,0,1,FALSE,off,0,138
18,Inactive,active,21,0,1,FALSE,off,0,139
19,Inactive,active,21,0,1,FALSE,off,0,139
20,Inactive,active,21,0,1,FALSE,off,0,140
21,Inactive,active,21,0,1,FALSE,off,0,140
22,Inactive,active,21,0,1,FALSE,off,0,141
23,Inactive,active,21,0,1,FALSE,off,0,141
24,Inactive,active,21,0,1,FALSE,off,0,142
25,Inactive,Inactive,21,0,0,FALSE,off,0,142
26,Inactive,Inactive,21,0,0,FALSE,off,0,143
27,Inactive,Inactive,21,0,0,FALSE,off,0,143
28,Inactive,Inactive,21,0,0,FALSE,off,0,144
29,Inactive,Inactive,21,0,0,FALSE,off,0,144
30,Inactive,Inactive,21,0,0,FALSE,off,0,145
31,Inactive,Inactive,21,0,0,FALSE,off,0,145
32,Inactive,Inactive,21,0,0,FALSE,off,0,146
33,Inactive,Inactive,21,0,0,FALSE,off,0,146
34,Inactive,Inactive,21,0,0,FALSE,off,0,147
35,Inactive,Inactive,21,0,0,FALSE,off,0,147
36,Inactive,Inactive,21,0,0,FALSE,off,0,148
37,Inactive,Inactive,21,0,0,FALSE,off,0,148
38,Inactive,Inactive,21,0,0,FALSE,off,0,149
39,Inactive,Inactive,21,0,0,FALSE,off,0,149
40,Inactive,Inactive,21,0,0,FALSE,off,0,150
41,Inactive,Inactive,21,0,0,FALSE,off,0,150
42,Inactive,Inactive,21,0,0,FALSE,off,0,151
43,Inactive,Inactive,21,0,0,FALSE,off,0,151
44,Inactive,Inactive,21,0,0,FALSE,off,0,152
45,Inactive,Inactive,21,0,0,FALSE,off,0,152
46,Inactive,Inactive,21,0,0,FALSE,off,0,153
47,Inactive,Inactive,21,0,0,FALSE,off,0,153
48,Inactive,Inactive,21,0,0,FALSE,off,0,154
49,Inactive,Inactive,21,0,0,FALSE,off,0,154
50,Inactive,Inactive,21,0,0,FALSE,off,0,155
51,Inactive,Inactive,21,0,0,FALSE,off,0,155
52,Inactive,Inactive,21,0,0,FALSE,off,0,156
53,Inactive,Inactive,21,0,0,FALSE,off,0,156
54,Inactive,Inactive,21,0,0,FALSE,off,0,157
55,Inactive,Inactive,21,0,0,FALSE,off,0,157
56,Inactive,Inactive,21,0,0,FALSE,off,0,158
57,Inactive,Inactive,21,0,0,FALSE,off,0,158
58,Inactive,Inactive,21,0,0,FALSE,off,0,159
59,Inactive,Inactive,21,0,0,FALSE,off,0,159
60,Inactive,Inactive,21,0,0,FALSE,off,0,160
61,Inactive,Inactive,21,0,0,FALSE,off,0,160
62,Inactive,Inactive,21,0,0,FALSE,off,0,161
63,Inactive,Inactive,21,0,0,FALSE,off,0,161
64,Inactive,Inactive,21,0,0,FALSE,off,0,162
65,Inactive,Inactive,21,0,0,FALSE,off,0,162
66,Inactive,Inactive,21,0,0,FALSE,off,0,163
67,Inactive,Inactive,21,0,0,FALSE,off,0,163
68,Inactive,Inactive,21,0,0,FALSE,off,0,164
69,Inactive,Inactive,21,0,0,FALSE,off,0,164
70,Inactive,Inactive,21,0,0,FALSE,off,0,165
71,Inactive,Inactive,21,0,0,FALSE,off,0,165
72,Inactive,Inactive,21,0,0,FALSE,off,0,166
73,Inactive,Inactive,21,0,0,FALSE,off,0,166
74,Inactive,Inactive,21,0,0,FALSE,off,0,167
75,Inactive,Inactive,21,0,0,FALSE,off,0,167
76,Inactive,Inactive,21,0,0,FALSE,off,0,168
77,Inactive,Inactive,21,0,0,FALSE,off,0,168
78,Inactive,Inactive,21,0,0,FALSE,off,0,169
79,Inactive,Inactive,21,0,0,FALSE,off,0,169
80,Inactive,Inactive,21,0,0,FALSE,off,0,170
81,Inactive,Inactive,21,0,0,FALSE,off,0,170
82,Inactive,Inactive,21,0,0,FALSE,off,0,171
83,active,Inactive,21,1,0,FALSE,off,0,171
84,active,active,21,1,1,TRUE,off,1,172
85,active,active,21,1,1,TRUE,off,1,172
86,active,active,21,1,1,TRUE,off,1,173
87,active,active,21,1,1,TRUE,off,1,173
88,active,active,21,1,1,TRUE,off,1,174
89,active,active,21,1,1,TRUE,off,1,174
90,active,active,21,1,1,TRUE,off,1,175
91,active,active,21,1,1,TRUE,off,1,175
92,active,active,21,1,1,TRUE,off,1,176
93,active,active,21,1,1,TRUE,off,1,176
94,active,active,21,1,1,TRUE,off,1,177
95,active,active,21,1,1,TRUE,off,1,177
96,active,active,21,1,1,TRUE,off,1,178
97,Inactive,active,21,0,1,FALSE,off,1,178
98,Inactive,active,21,0,1,FALSE,off,1,179
99,Inactive,active,21,0,1,FALSE,off,1,179
100,Inactive,active,21,0,1,FALSE,off,1,180
101,Inactive,active,21,0,1,FALSE,off,1,180
102,Inactive,active,21,0,1,FALSE,off,1,181
103,Inactive,active,21,0,1,FALSE,off,1,181
104,Inactive,active,21,0,1,FALSE,off,1,182
105,Inactive,active,21,0,1,FALSE,off,1,182
106,Inactive,active,21,0,1,FALSE,off,1,183
107,Inactive,active,21,0,1,FALSE,off,1,183
108,Inactive,active,21,0,1,FALSE,off,1,184
109,Inactive,active,21,0,1,FALSE,off,1,184
110,Inactive,active,21,0,1,FALSE,off,1,185
111,Inactive,active,21,0,1,FALSE,off,1,185
112,Inactive,active,21,0,1,FALSE,off,1,186
113,Inactive,active,21,0,1,FALSE,off,1,186
114,Inactive,active,21,0,1,FALSE,off,1,187
115,Inactive,active,21,0,1,FALSE,off,1,187
116,Inactive,active,21,0,1,FALSE,off,1,188
117,Inactive,active,21,0,1,FALSE,off,1,188
118,Inactive,active,21,0,1,FALSE,off,1,189
119,Inactive,active,21,0,1,FALSE,off,1,189
120,Inactive,active,21,0,1,FALSE,off,1,190
121,Inactive,active,21,0,1,FALSE,off,1,190
122,Inactive,active,21,0,1,FALSE,off,1,191
123,Inactive,active,21,0,1,FALSE,off,1,191
124,Inactive,active,21,0,1,FALSE,off,1,192
125,Inactive,active,21,0,1,FALSE,off,1,192
126,Inactive,active,21,0,1,FALSE,off,1,193
127,Inactive,active,21,0,1,FALSE,off,1,193
128,Inactive,active,21,0,1,FALSE,off,1,194
129,Inactive,active,21,0,1,FALSE,off,1,194
130,Inactive,active,21,0,1,FALSE,off,1,195
131,Inactive,Inactive,21,0,0,FALSE,off,1,195
132,Inactive,Inactive,21,0,0,FALSE,off,1,196
133,Inactive,Inactive,21,0,0,FALSE,off,1,150
134,Inactive,Inactive,21,0,0,FALSE,off,1,150
135,Inactive,Inactive,21,0,0,FALSE,off,1,150
136,Inactive,Inactive,21,0,0,FALSE,off,1,150
137,Inactive,Inactive,21,0,0,FALSE,off,1,150
138,Inactive,Inactive,21,0,0,FALSE,off,1,150
139,Inactive,Inactive,21,0,0,FALSE,off,1,150
140,Inactive,Inactive,21,0,0,FALSE,off,1,150
141,Inactive,Inactive,21,0,0,FALSE,off,1,150
142,Inactive,Inactive,21,0,0,FALSE,off,1,150
143,Inactive,Inactive,21,0,0,FALSE,off,1,150
144,Inactive,Inactive,21,0,0,FALSE,off,1,150
145,Inactive,Inactive,21,0,0,FALSE,off,1,150
146,Inactive,Inactive,21,0,0,FALSE,off,1,150
147,Inactive,Inactive,21,0,0,FALSE,off,1,150
148,Inactive,Inactive,21,0,0,FALSE,off,1,150
149,Inactive,Inactive,21,0,0,FALSE,off,1,150
150,Inactive,Inactive,21,0,0,FALSE,off,1,150
151,Inactive,Inactive,21,0,0,FALSE,off,1,150
152,Inactive,Inactive,21,0,0,FALSE,off,1,150
153,Inactive,Inactive,21,0,0,FALSE,off,1,150
154,Inactive,Inactive,21,0,0,FALSE,off,1,150
155,Inactive,Inactive,21,0,0,FALSE,off,1,150
156,Inactive,Inactive,21,0,0,FALSE,off,1,150
157,Inactive,Inactive,21,0,0,FALSE,off,1,150
158,Inactive,Inactive,21,0,0,FALSE,off,1,150
159,Inactive,Inactive,21,0,0,FALSE,off,1,150
160,Inactive,Inactive,21,0,0,FALSE,off,1,150
161,Inactive,Inactive,21,0,0,FALSE,off,1,150
162,Inactive,Inactive,21,0,0,FALSE,off,1,150
163,Inactive,Inactive,21,0,0,FALSE,off,1,150
164,Inactive,Inactive,21,0,0,FALSE,off,1,150
165,Inactive,Inactive,21,0,0,FALSE,off,1,150
166,Inactive,Inactive,21,0,0,FALSE,off,1,150
167,Inactive,Inactive,21,0,0,FALSE,off,1,150
168,Inactive,Inactive,21,0,0,FALSE,off,1,150
169,Inactive,Inactive,21,0,0,FALSE,off,1,150
170,Inactive,Inactive,21,0,0,FALSE,off,1,150
171,Inactive,Inactive,21,0,0,FALSE,off,1,150
172,Inactive,Inactive,21,0,0,FALSE,off,1,150
173,Inactive,Inactive,21,0,0,FALSE,off,1,150
174,Inactive,Inactive,21,0,0,FALSE,off,1,150
175,Inactive,Inactive,21,0,0,FALSE,off,1,150
176,Inactive,Inactive,21,0,0,FALSE,off,1,150
177,Inactive,Inactive,21,0,0,FALSE,off,1,150
178,Inactive,Inactive,21,0,0,FALSE,off,1,150
179,Inactive,Inactive,21,0,0,FALSE,off,1,150
180,Inactive,Inactive,21,0,0,FALSE,off,1,150
181,Inactive,Inactive,21,0,0,FALSE,off,1,150
182,Inactive,Inactive,21,0,0,FALSE,off,1,150
183,Inactive,Inactive,21,0,0,FALSE,off,1,150
184,Inactive,Inactive,21,0,0,FALSE,off,1,150
185,Inactive,Inactive,21,0,0,FALSE,off,1,150
186,Inactive,Inactive,21,0,0,FALSE,off,1,150
187,Inactive,Inactive,21,0,0,FALSE,off,1,150
188,Inactive,Inactive,21,0,0,FALSE,off,1,150
189,Inactive,Inactive,21,0,0,FALSE,off,1,150
190,Inactive,Inactive,21,0,0,FALSE,off,1,150
191,Inactive,Inactive,21,0,0,FALSE,off,1,149
192,Inactive,Inactive,21,0,0,FALSE,off,1,149
193,Inactive,Inactive,21,0,0,FALSE,off,1,149
194,Inactive,Inactive,21,0,0,FALSE,off,1,149
195,Inactive,Inactive,21,0,0,FALSE,off,1,149
196,Inactive,Inactive,21,0,0,FALSE,off,1,149
197,Inactive,Inactive,21,0,0,FALSE,off,1,149
198,Inactive,Inactive,21,0,0,FALSE,off,1,149
199,Inactive,Inactive,21,0,0,FALSE,off,1,149
200,Inactive,Inactive,21,0,0,FALSE,off,1,149
201,Inactive,Inactive,21,0,0,FALSE,off,1,148
202,Inactive,Inactive,21,0,0,FALSE,off,1,148
203,Inactive,Inactive,21,0,0,FALSE,off,1,148
204,Inactive,Inactive,21,0,0,FALSE,off,1,148
205,Inactive,Inactive,21,0,0,FALSE,off,1,148
206,Inactive,Inactive,21,0,0,FALSE,off,1,148
207,Inactive,Inactive,21,0,0,FALSE,off,1,148
208,Inactive,Inactive,21,0,0,FALSE,off,1,148
209,Inactive,Inactive,21,0,0,FALSE,off,1,148
210,Inactive,Inactive,21,0,0,FALSE,off,1,148
211,Inactive,Inactive,21,0,0,FALSE,off,1,147
212,Inactive,Inactive,21,0,0,FALSE,off,1,147
213,Inactive,Inactive,21,0,0,FALSE,off,1,147
214,Inactive,Inactive,21,0,0,FALSE,off,1,147
215,Inactive,Inactive,21,0,0,FALSE,off,1,147
216,Inactive,Inactive,21,0,0,FALSE,off,1,147
217,Inactive,Inactive,21,0,0,FALSE,off,1,147
218,Inactive,Inactive,21,0,0,FALSE,off,1,147
219,Inactive,Inactive,21,0,0,FALSE,off,1,147
220,Inactive,Inactive,21,0,0,FALSE,off,1,147
221,Inactive,Inactive,21,0,0,FALSE,off,1,146
222,Inactive,Inactive,21,0,0,FALSE,off,1,146
223,Inactive,Inactive,21,0,0,FALSE,off,1,146
224,Inactive,Inactive,21,0,0,FALSE,off,1,146
225,Inactive,Inactive,21,0,0,FALSE,off,1,146
226,Inactive,Inactive,21,0,0,FALSE,off,1,146
227,Inactive,Inactive,21,0,0,FALSE,off,1,146
228,Inactive,Inactive,21,0,0,FALSE,off,1,146
229,Inactive,Inactive,21,0,0,FALSE,off,1,146
230,Inactive,Inactive,21,0,0,FALSE,off,1,146
231,Inactive,Inactive,21,0,0,FALSE,off,1,145
232,Inactive,Inactive,21,0,0,FALSE,off,1,145
233,Inactive,Inactive,21,0,0,FALSE,off,1,145
234,Inactive,Inactive,21,0,0,FALSE,off,1,145
235,Inactive,Inactive,21,0,0,FALSE,off,1,145
236,Inactive,Inactive,21,0,0,FALSE,off,1,145
237,Inactive,Inactive,21,0,0,FALSE,off,1,145
238,Inactive,Inactive,21,0,0,FALSE,off,1,145
239,Inactive,Inactive,21,0,0,FALSE,off,1,145
240,Inactive,Inactive,21,0,0,FALSE,off,1,145
241,Inactive,Inactive,21,0,0,FALSE,off,1,144
242,Inactive,Inactive,21,0,0,FALSE,off,1,144
243,Inactive,Inactive,21,0,0,FALSE,off,1,144
244,Inactive,Inactive,21,0,0,FALSE,off,1,144
245,Inactive,Inactive,21,0,0,FALSE,off,1,144
246,Inactive,Inactive,21,0,0,FALSE,off,1,144
247,Inactive,Inactive,21,0,0,FALSE,off,1,144
248,Inactive,Inactive,21,0,0,FALSE,off,1,144
249,Inactive,Inactive,21,0,0,FALSE,off,1,144
250,Inactive,Inactive,21,0,0,FALSE,off,1,144
251,Inactive,Inactive,21,0,0,FALSE,off,1,143
252,Inactive,Inactive,21,0,0,FALSE,off,1,143
253,Inactive,Inactive,21,0,0,FALSE,off,1,143
254,Inactive,Inactive,21,0,0,FALSE,off,1,143
255,Inactive,Inactive,21,0,0,FALSE,off,1,143
256,Inactive,Inactive,21,0,0,FALSE,off,1,143
257,Inactive,Inactive,21,0,0,FALSE,off,1,143
258,Inactive,Inactive,21,0,0,FALSE,off,1,143
259,Inactive,Inactive,21,0,0,FALSE,off,1,143
260,Inactive,Inactive,21,0,0,FALSE,off,1,143
261,Inactive,Inactive,21,0,0,FALSE,off,1,142
262,Inactive,Inactive,21,0,0,FALSE,off,1,142
263,Inactive,Inactive,21,0,0,FALSE,off,1,142
264,Inactive,Inactive,21,0,0,FALSE,off,1,142
265,Inactive,Inactive,21,0,0,FALSE,off,1,142
266,Inactive,Inactive,21,0,0,FALSE,off,1,142
267,Inactive,Inactive,21,0,0,FALSE,off,1,142
268,Inactive,Inactive,21,0,0,FALSE,off,1,142
269,Inactive,Inactive,21,0,0,FALSE,off,1,142
270,Inactive,Inactive,21,0,0,FALSE,off,1,142
271,Inactive,Inactive,21,0,0,FALSE,off,1,141
272,Inactive,Inactive,21,0,0,FALSE,off,1,141
273,Inactive,Inactive,21,0,0,FALSE,off,1,141
274,Inactive,Inactive,21,0,0,FALSE,off,1,141
275,Inactive,Inactive,21,0,0,FALSE,off,1,141
276,Inactive,Inactive,21,0,0,FALSE,off,1,141
277,Inactive,Inactive,21,0,0,FALSE,off,1,141
278,Inactive,Inactive,21,0,0,FALSE,off,1,141
279,Inactive,Inactive,21,0,0,FALSE,off,1,141
280,Inactive,Inactive,21,0,0,FALSE,off,1,141
281,Inactive,Inactive,21,0,0,FALSE,off,1,140
282,Inactive,Inactive,21,0,0,FALSE,off,1,140
283,Inactive,Inactive,21,0,0,FALSE,off,1,140
284,Inactive,Inactive,21,0,0,FALSE,off,1,140
285,Inactive,Inactive,21,0,0,FALSE,off,1,140
286,Inactive,Inactive,21,0,0,FALSE,off,1,140
287,Inactive,Inactive,21,0,0,FALSE,off,1,140
288,Inactive,Inactive,21,0,0,FALSE,off,1,140
289,Inactive,Inactive,21,0,0,FALSE,off,1,140
290,Inactive,Inactive,21,0,0,FALSE,off,1,140
291,Inactive,Inactive,21,0,0,FALSE,off,1,139
292,Inactive,Inactive,21,0,0,FALSE,off,1,139
293,Inactive,Inactive,21,0,0,FALSE,off,1,139
294,Inactive,Inactive,21,0,0,FALSE,off,1,139
295,Inactive,Inactive,21,0,0,FALSE,off,1,139
296,Inactive,Inactive,21,0,0,FALSE,off,1,139
297,Inactive,Inactive,21,0,0,FALSE,off,1,139
298,Inactive,Inactive,21,0,0,FALSE,off,1,139
299,Inactive,Inactive,21,0,0,FALSE,off,1,139
300,Inactive,Inactive,21,0,0,FALSE,off,1,139
301,Inactive,Inactive,21,0,0,FALSE,off,1,138
302,Inactive,Inactive,21,0,0,FALSE,off,1,138
303,Inactive,Inactive,21,0,0,FALSE,off,1,138
304,Inactive,Inactive,21,0,0,FALSE,off,1,138
305,Inactive,Inactive,21,0,0,FALSE,off,1,138
306,Inactive,Inactive,21,0,0,FALSE,off,1,138
307,Inactive,Inactive,21,0,0,FALSE,off,1,138
308,Inactive,Inactive,21,0,0,FALSE,off,1,138
309,Inactive,Inactive,21,0,0,FALSE,off,1,138
310,Inactive,Inactive,21,0,0,FALSE,off,1,138
311,Inactive,Inactive,21,0,0,FALSE,off,1,137
312,Inactive,Inactive,21,0,0,FALSE,off,1,137
313,Inactive,Inactive,21,0,0,FALSE,off,1,137
314,Inactive,Inactive,21,0,0,FALSE,off,1,137
315,Inactive,Inactive,21,0,0,FALSE,off,1,137
316,Inactive,Inactive,21,0,0,FALSE,off,1,137
317,Inactive,Inactive,21,0,0,FALSE,off,1,137
318,Inactive,Inactive,21,0,0,FALSE,off,1,137
319,Inactive,Inactive,21,0,0,FALSE,off,1,137
320,Inactive,Inactive,21,0,0,FALSE,off,1,137
321,Inactive,Inactive,21,0,0,FALSE,off,1,136
322,Inactive,Inactive,21,0,0,FALSE,off,1,136
323,Inactive,Inactive,21,0,0,FALSE,off,1,136
324,Inactive,Inactive,21,0,0,FALSE,off,1,136
325,Inactive,Inactive,21,0,0,FALSE,off,1,136
326,Inactive,Inactive,21,0,0,FALSE,off,1,136
327,Inactive,Inactive,21,0,0,FALSE,off,1,136
328,Inactive,Inactive,21,0,0,FALSE,off,1,136
329,Inactive,Inactive,21,0,0,FALSE,off,1,136
330,Inactive,Inactive,21,0,0,FALSE,off,1,136
331,Inactive,Inactive,21,0,0,FALSE,off,1,135
332,Inactive,Inactive,21,0,0,FALSE,off,1,135
333,Inactive,Inactive,21,0,0,FALSE,off,1,135
334,Inactive,Inactive,21,0,0,FALSE,off,1,135
335,Inactive,Inactive,21,0,0,FALSE,off,1,135
336,Inactive,Inactive,21,0,0,FALSE,off,1,135
337,Inactive,Inactive,21,0,0,FALSE,off,1,135
338,Inactive,Inactive,21,0,0,FALSE,off,1,135
339,Inactive,Inactive,21,0,0,FALSE,off,1,135
340,Inactive,Inactive,21,0,0,FALSE,off,1,135
341,Inactive,Inactive,21,0,0,FALSE,off,1,134
342,Inactive,Inactive,21,0,0,FALSE,off,1,134
343,Inactive,Inactive,21,0,0,FALSE,off,1,134
344,Inactive,Inactive,21,0,0,FALSE,off,1,134
345,Inactive,Inactive,21,0,0,FALSE,off,1,134
346,Inactive,Inactive,21,0,0,FALSE,off,1,134
347,Inactive,Inactive,21,0,0,FALSE,off,1,134
348,Inactive,Inactive,21,0,0,FALSE,off,1,134
349,Inactive,Inactive,21,0,0,FALSE,off,1,134
350,Inactive,Inactive,21,0,0,FALSE,off,1,134
351,active,Inactive,21,1,0,FALSE,off,1,133
352,active,active,21,1,1,TRUE,off,2,133
353,active,active,21,1,1,TRUE,off,2,133
354,active,active,21,1,1,TRUE,off,2,133
355,active,active,21,1,1,TRUE,off,2,133
356,active,active,21,1,1,TRUE,off,2,133
357,active,active,21,1,1,TRUE,off,2,133
358,active,active,21,1,1,TRUE,off,2,133
359,active,active,21,1,1,TRUE,off,2,133
360,active,active,21,1,1,TRUE,off,2,133
361,active,active,21,1,1,TRUE,off,2,132
362,active,active,21,1,1,TRUE,off,2,132
363,active,active,21,1,1,TRUE,off,2,132
364,active,active,21,1,1,TRUE,off,2,132
365,active,active,21,1,1,TRUE,off,2,132
366,active,active,21,1,1,TRUE,off,2,132
367,active,active,21,1,1,TRUE,off,2,132
368,active,active,21,1,1,TRUE,off,2,132
369,active,active,21,1,1,TRUE,off,2,132
370,active,active,21,1,1,TRUE,off,2,132
371,active,active,21,1,1,TRUE,off,2,131
372,active,active,21,1,1,TRUE,off,2,131
373,active,active,21,1,1,TRUE,off,2,131
374,active,active,21,1,1,TRUE,off,2,131
375,active,active,21,1,1,TRUE,off,2,131
376,active,active,21,1,1,TRUE,off,2,131
377,active,active,21,1,1,TRUE,off,2,131
378,active,active,21,1,1,TRUE,off,2,131
379,active,active,21,1,1,TRUE,off,2,131
380,active,active,21,1,1,TRUE,off,2,131
381,active,active,21,1,1,TRUE,off,2,130
382,active,active,21,1,1,TRUE,off,2,130
383,active,active,21,1,1,TRUE,off,2,130
384,active,active,21,1,1,TRUE,off,2,130
385,active,active,21,1,1,TRUE,off,2,130
386,active,active,21,1,1,TRUE,off,2,130
387,active,active,21,1,1,TRUE,off,2,130
388,active,active,21,1,1,TRUE,off,2,130
389,active,active,21,1,1,TRUE,off,2,130
390,active,active,21,1,1,TRUE,off,2,130
391,active,active,21,1,1,TRUE,off,2,129
392,active,active,21,1,1,TRUE,off,2,129
393,active,active,21,1,1,TRUE,off,2,129
394,active,active,21,1,1,TRUE,off,2,129
395,active,active,21,1,1,TRUE,off,2,129
396,active,active,21,1,1,TRUE,off,2,129
397,active,active,21,1,1,TRUE,off,2,129
398,active,active,21,1,1,TRUE,off,2,129
399,active,active,21,1,1,TRUE,off,2,129
400,active,active,21,1,1,TRUE,off,2,129
401,active,active,21,1,1,TRUE,off,2,128
402,active,active,21,1,1,TRUE,off,2,128
403,active,active,21,1,1,TRUE,off,2,128
404,active,active,21,1,1,TRUE,off,2,128
405,active,active,21,1,1,TRUE,off,2,128
406,active,active,21,1,1,TRUE,off,2,128
407,active,active,21,1,1,TRUE,off,2,128
408,active,active,21,1,1,TRUE,off,2,128
409,active,active,21,1,1,TRUE,off,2,128
410,active,active,21,1,1,TRUE,off,2,128
411,active,active,21,1,1,TRUE,off,2,127
412,active,active,21,1,1,TRUE,off,2,127
413,active,active,21,1,1,TRUE,off,2,127
414,active,active,21,1,1,TRUE,off,2,127
415,active,active,21,1,1,TRUE,off,2,127
416,active,active,21,1,1,TRUE,off,2,127
417,active,active,21,1,1,TRUE,off,2,127
418,active,active,21,1,1,TRUE,off,2,127
419,active,active,21,1,1,TRUE,off,2,127
420,active,active,21,1,1,TRUE,off,2,127
421,active,active,21,1,1,TRUE,off,2,126
422,active,active,21,1,1,TRUE,off,2,126
423,active,active,21,1,1,TRUE,off,2,126
424,active,active,21,1,1,TRUE,off,2,126
425,active,active,21,1,1,TRUE,off,2,126
426,active,active,21,1,1,TRUE,off,2,126
427,active,active,21,1,1,TRUE,off,2,126
428,active,active,21,1,1,TRUE,off,2,126
429,active,active,21,1,1,TRUE,off,2,126
430,active,active,21,1,1,TRUE,off,2,126
431,active,active,21,1,1,TRUE,off,2,125
432,active,active,21,1,1,TRUE,off,2,125
433,active,active,21,1,1,TRUE,off,2,125
434,active,active,21,1,1,TRUE,off,2,125
435,active,active,21,1,1,TRUE,off,2,125
436,active,active,21,1,1,TRUE,off,2,125
437,active,active,21,1,1,TRUE,off,2,125
438,active,active,21,1,1,TRUE,off,2,125
439,active,active,21,1,1,TRUE,off,2,125
440,active,active,21,1,1,TRUE,off,2,125
441,active,active,21,1,1,TRUE,off,2,124
442,active,active,21,1,1,TRUE,off,2,124
443,active,active,21,1,1,TRUE,off,2,124
444,active,active,21,1,1,TRUE,off,2,124
445,active,active,21,1,1,TRUE,off,2,124
446,active,active,21,1,1,TRUE,off,2,124
447,active,active,21,1,1,TRUE,off,2,124
448,active,active,21,1,1,TRUE,off,2,124
449,active,active,21,1,1,TRUE,off,2,124
450,active,active,21,1,1,TRUE,off,2,124
451,active,active,21,1,1,TRUE,off,2,123
452,active,active,21,1,1,TRUE,off,2,123
453,active,active,21,1,1,TRUE,off,2,123
454,active,active,21,1,1,TRUE,off,2,123
455,active,active,21,1,1,TRUE,off,2,123
456,active,active,21,1,1,TRUE,off,2,123
457,active,active,21,1,1,TRUE,off,2,123
458,active,active,21,1,1,TRUE,off,2,123
459,active,active,21,1,1,TRUE,off,2,123
460,active,active,21,1,1,TRUE,off,2,123
461,active,active,21,1,1,TRUE,off,2,122
462,active,active,21,1,1,TRUE,off,2,122
463,active,active,21,1,1,TRUE,off,2,122
464,active,active,21,1,1,TRUE,off,2,122
465,active,active,21,1,1,TRUE,off,2,122
466,active,active,21,1,1,TRUE,off,2,122
467,active,active,21,1,1,TRUE,off,2,122
468,active,active,21,1,1,TRUE,off,2,122
469,active,active,21,1,1,TRUE,off,2,122
470,Inactive,active,21,0,1,FALSE,off,2,122
471,Inactive,active,21,0,1,FALSE,off,2,121
472,Inactive,active,21,0,1,FALSE,off,2,121
473,Inactive,active,21,0,1,FALSE,off,2,121
474,Inactive,active,21,0,1,FALSE,off,2,121
475,Inactive,active,21,0,1,FALSE,off,2,121
476,Inactive,active,21,0,1,FALSE,off,2,121
477,Inactive,active,21,0,1,FALSE,off,2,121
478,Inactive,active,21,0,1,FALSE,off,2,121
479,Inactive,active,21,0,1,FALSE,off,2,121
480,Inactive,active,21,0,1,FALSE,off,2,121
481,Inactive,active,21,0,1,FALSE,off,2,120
482,Inactive,active,21,0,1,FALSE,off,2,120
483,Inactive,active,21,0,1,FALSE,off,2,120
484,Inactive,active,21,0,1,FALSE,off,2,120
485,Inactive,active,21,0,1,FALSE,off,2,120
486,Inactive,active,21,0,1,FALSE,off,2,120
487,Inactive,active,21,0,1,FALSE,off,2,120
488,Inactive,active,21,0,1,FALSE,off,2,120
489,Inactive,active,21,0,1,FALSE,off,2,120
490,Inactive,active,21,0,1,FALSE,off,2,120
491,Inactive,active,21,0,1,FALSE,off,2,119
492,Inactive,active,21,0,1,FALSE,off,2,119
493,Inactive,active,21,0,1,FALSE,off,2,119
494,Inactive,active,21,0,1,FALSE,off,2,119
495,Inactive,active,21,0,1,FALSE,off,2,119
496,Inactive,active,21,0,1,FALSE,off,2,119
497,Inactive,active,21,0,1,FALSE,off,2,119
498,Inactive,active,21,0,1,FALSE,off,2,119
499,Inactive,active,21,0,1,FALSE,off,2,119
500,Inactive,Inactive,21,0,0,FALSE,off,2,119
501,Inactive,Inactive,21,0,0,FALSE,off,2,118
502,Inactive,Inactive,21,0,0,FALSE,off,2,118
503,Inactive,Inactive,21,0,0,FALSE,off,2,118
504,Inactive,Inactive,21,0,0,FALSE,off,2,118
505,Inactive,Inactive,21,0,0,FALSE,off,2,118
506,Inactive,Inactive,21,0,0,FALSE,off,2,118
507,Inactive,Inactive,21,0,0,FALSE,off,2,118
508,Inactive,Inactive,21,0,0,FALSE,off,2,118
509,Inactive,Inactive,21,0,0,FALSE,off,2,118
510,Inactive,Inactive,21,0,0,FALSE,off,2,118
511,Inactive,Inactive,21,0,0,FALSE,off,2,117
512,Inactive,Inactive,21,0,0,FALSE,off,2,117
513,Inactive,Inactive,21,0,0,FALSE,off,2,117
514,Inactive,Inactive,21,0,0,FALSE,off,2,117
515,Inactive,Inactive,21,0,0,FALSE,off,2,117
516,Inactive,Inactive,21,0,0,FALSE,off,2,117
517,Inactive,Inactive,21,0,0,FALSE,off,2,117
518,Inactive,Inactive,21,0,0,FALSE,off,2,117
519,Inactive,Inactive,21,0,0,FALSE,off,2,117
520,Inactive,Inactive,21,0,0,FALSE,off,2,117
521,Inactive,Inactive,21,0,0,FALSE,off,2,116
522,Inactive,Inactive,21,0,0,FALSE,off,2,116
523,Inactive,Inactive,21,0,0,FALSE,off,2,116
524,Inactive,Inactive,21,0,0,FALSE,off,2,116
525,Inactive,Inactive,21,0,0,FALSE,off,2,116
526,Inactive,Inactive,21,0,0,FALSE,off,2,116
527,Inactive,Inactive,21,0,0,FALSE,off,2,116
528,Inactive,Inactive,21,0,0,FALSE,off,2,116
529,Inactive,Inactive,21,0,0,FALSE,off,2,116
530,Inactive,Inactive,21,0,0,FALSE,off,2,116
531,Inactive,Inactive,21,0,0,FALSE,off,2,115
532,Inactive,Inactive,21,0,0,FALSE,off,2,115
533,Inactive,Inactive,21,0,0,FALSE,off,2,115
534,Inactive,Inactive,21,0,0,FALSE,off,2,115
535,Inactive,Inactive,21,0,0,FALSE,off,2,115
536,Inactive,Inactive,21,0,0,FALSE,off,2,115
537,Inactive,Inactive,21,0,0,FALSE,off,2,115
538,Inactive,Inactive,21,0,0,FALSE,off,2,115
539,Inactive,Inactive,21,0,0,FALSE,off,2,115
540,Inactive,Inactive,21,0,0,FALSE,off,2,115
541,Inactive,Inactive,21,0,0,FALSE,off,2,114
542,Inactive,Inactive,21,0,0,FALSE,off,2,114
543,Inactive,Inactive,21,0,0,FALSE,off,2,114
544,Inactive,Inactive,21,0,0,FALSE,off,2,114
545,Inactive,Inactive,21,0,0,FALSE,off,2,114
546,Inactive,Inactive,21,0,0,FALSE,off,2,114
547,Inactive,Inactive,21,0,0,FALSE,off,2,114
548,Inactive,Inactive,21,0,0,FALSE,off,2,114
549,Inactive,Inactive,21,0,0,FALSE,off,2,114
550,Inactive,Inactive,21,0,0,FALSE,off,2,114
551,Inactive,Inactive,21,0,0,FALSE,off,2,113
552,Inactive,Inactive,21,0,0,FALSE,off,2,113
553,Inactive,Inactive,21,0,0,FALSE,off,2,113
554,Inactive,Inactive,21,0,0,FALSE,off,2,113
555,Inactive,Inactive,21,0,0,FALSE,off,2,113
556,Inactive,Inactive,21,0,0,FALSE,off,2,113
557,Inactive,Inactive,21,0,0,FALSE,off,2,113
558,Inactive,Inactive,21,0,0,FALSE,off,2,113
559,Inactive,Inactive,21,0,0,FALSE,off,2,113
560,Inactive,Inactive,21,0,0,FALSE,off,2,113
561,Inactive,Inactive,21,0,0,FALSE,off,2,112
562,Inactive,Inactive,21,0,0,FALSE,off,2,112
563,Inactive,Inactive,21,0,0,FALSE,off,2,112
564,Inactive,Inactive,21,0,0,FALSE,off,2,112
565,Inactive,Inactive,21,0,0,FALSE,off,2,112
566,Inactive,Inactive,21,0,0,FALSE,off,2,112
567,Inactive,Inactive,21,0,0,FALSE,off,2,112
568,Inactive,Inactive,21,0,0,FALSE,off,2,112
569,Inactive,Inactive,21,0,0,FALSE,off,2,112
570,Inactive,Inactive,21,0,0,FALSE,off,2,112
571,Inactive,Inactive,21,0,0,FALSE,off,2,111
572,Inactive,Inactive,21,0,0,FALSE,off,2,111
573,Inactive,Inactive,21,0,0,FALSE,off,2,111
574,Inactive,Inactive,21,0,0,FALSE,off,2,111
575,Inactive,Inactive,21,0,0,FALSE,off,2,111
576,Inactive,Inactive,21,0,0,FALSE,off,2,111
577,Inactive,Inactive,21,0,0,FALSE,off,2,111
578,Inactive,Inactive,21,0,0,FALSE,off,2,111
579,Inactive,Inactive,21,0,0,FALSE,off,2,111
580,Inactive,Inactive,21,0,0,FALSE,off,2,111
581,Inactive,Inactive,21,0,0,FALSE,off,2,110
582,Inactive,Inactive,21,0,0,FALSE,off,2,110
583,Inactive,Inactive,21,0,0,FALSE,off,2,110
584,Inactive,Inactive,21,0,0,FALSE,off,2,110
585,Inactive,Inactive,21,0,0,FALSE,off,2,110
586,Inactive,Inactive,21,0,0,FALSE,off,2,110
587,Inactive,Inactive,21,0,0,FALSE,off,2,110
588,Inactive,Inactive,21,0,0,FALSE,off,2,110
589,Inactive,Inactive,21,0,0,FALSE,off,2,110
590,Inactive,Inactive,21,0,0,FALSE,off,2,110
591,Inactive,Inactive,21,0,0,FALSE,off,2,109
592,Inactive,Inactive,21,0,0,FALSE,off,2,109
593,Inactive,Inactive,21,0,0,FALSE,off,2,109
594,Inactive,Inactive,21,0,0,FALSE,off,2,109
595,Inactive,Inactive,21,0,0,FALSE,off,2,109
596,Inactive,Inactive,21,0,0,FALSE,off,2,109
597,Inactive,Inactive,21,0,0,FALSE,off,2,109
598,Inactive,Inactive,21,0,0,FALSE,off,2,109
599,Inactive,Inactive,21,0,0,FALSE,off,2,109
600,Inactive,Inactive,21,0,0,FALSE,off,2,109
601,Inactive,Inactive,21,0,0,FALSE,off,2,108
602,Inactive,Inactive,21,0,0,FALSE,off,2,108
603,Inactive,Inactive,21,0,0,FALSE,off,2,108
604,Inactive,Inactive,21,0,0,FALSE,off,2,108
605,Inactive,Inactive,21,0,0,FALSE,off,2,108
606,Inactive,Inactive,21,0,0,FALSE,off,2,108
607,Inactive,Inactive,21,0,0,FALSE,off,2,108
608,Inactive,Inactive,21,0,0,FALSE,off,2,108
609,Inactive,Inactive,21,0,0,FALSE,off,2,108
610,Inactive,Inactive,21,0,0,FALSE,off,2,108
611,Inactive,Inactive,21,0,0,FALSE,off,2,107
612,Inactive,Inactive,21,0,0,FALSE,off,2,107
613,Inactive,Inactive,21,0,0,FALSE,off,2,107
614,Inactive,Inactive,21,0,0,FALSE,off,2,107
615,Inactive,Inactive,21,0,0,FALSE,off,2,107
616,Inactive,Inactive,21,0,0,FALSE,off,2,107
617,Inactive,Inactive,21,0,0,FALSE,off,2,107
618,Inactive,Inactive,21,0,0,FALSE,off,2,107
619,Inactive,Inactive,21,0,0,FALSE,off,2,107
620,Inactive,Inactive,21,0,0,FALSE,off,2,107
621,Inactive,Inactive,21,0,0,FALSE,off,2,106
622,Inactive,Inactive,21,0,0,FALSE,off,2,106
623,Inactive,Inactive,21,0,0,FALSE,off,2,106
624,Inactive,Inactive,21,0,0,FALSE,off,2,106
625,Inactive,Inactive,21,0,0,FALSE,off,2,106
626,Inactive,Inactive,21,0,0,FALSE,off,2,106
627,Inactive,Inactive,21,0,0,FALSE,off,2,106
628,Inactive,Inactive,21,0,0,FALSE,off,2,106
629,Inactive,Inactive,21,0,0,FALSE,off,2,106
630,Inactive,Inactive,21,0,0,FALSE,off,2,106
631,Inactive,Inactive,21,0,0,FALSE,off,2,105
632,Inactive,Inactive,21,0,0,FALSE,off,2,105
633,Inactive,Inactive,21,0,0,FALSE,off,2,105
634,Inactive,Inactive,21,0,0,FALSE,off,2,105
635,Inactive,Inactive,21,0,0,FALSE,off,2,105
636,Inactive,Inactive,21,0,0,FALSE,off,2,105
637,Inactive,Inactive,21,0,0,FALSE,off,2,105
638,Inactive,Inactive,21,0,0,FALSE,off,2,105
639,Inactive,Inactive,21,0,0,FALSE,off,2,105
640,Inactive,Inactive,21,0,0,FALSE,off,2,105
641,Inactive,Inactive,21,0,0,FALSE,off,2,104
642,Inactive,Inactive,21,0,0,FALSE,off,2,104
643,Inactive,Inactive,21,0,0,FALSE,off,2,104
644,Inactive,Inactive,21,0,0,FALSE,off,2,104
645,Inactive,Inactive,21,0,0,FALSE,off,2,104
646,Inactive,Inactive,21,0,0,FALSE,off,2,104
647,Inactive,Inactive,21,0,0,FALSE,off,2,104
648,Inactive,Inactive,21,0,0,FALSE,off,2,104
649,Inactive,Inactive,21,0,0,FALSE,off,2,104
650,Inactive,Inactive,21,0,0,FALSE,off,2,104
651,Inactive,Inactive,21,0,0,FALSE,off,2,103
652,Inactive,Inactive,21,0,0,FALSE,off,2,103
653,Inactive,Inactive,21,0,0,FALSE,off,2,103
654,Inactive,Inactive,21,0,0,FALSE,off,2,103
655,Inactive,Inactive,21,0,0,FALSE,off,2,103
656,Inactive,Inactive,21,0,0,FALSE,off,2,103
657,Inactive,Inactive,21,0,0,FALSE,off,2,103
658,Inactive,Inactive,21,0,0,FALSE,off,2,103
659,Inactive,Inactive,21,0,0,FALSE,off,2,103
660,Inactive,Inactive,21,0,0,FALSE,off,2,103
661,Inactive,Inactive,21,0,0,FALSE,off,2,102
662,Inactive,Inactive,21,0,0,FALSE,off,2,102
663,Inactive,Inactive,21,0,0,FALSE,off,2,102
664,Inactive,Inactive,21,0,0,FALSE,off,2,102
665,Inactive,Inactive,21,0,0,FALSE,off,2,102
666,Inactive,Inactive,21,0,0,FALSE,off,2,102
667,Inactive,Inactive,21,0,0,FALSE,off,2,102
668,Inactive,Inactive,21,0,0,FALSE,off,2,102
669,Inactive,Inactive,21,0,0,FALSE,off,2,102
670,Inactive,Inactive,21,0,0,FALSE,off,2,102
671,Inactive,Inactive,21,0,0,FALSE,off,2,101
672,Inactive,Inactive,21,0,0,FALSE,off,2,101
673,Inactive,Inactive,21,0,0,FALSE,off,2,101
674,Inactive,Inactive,21,0,0,FALSE,off,2,101
675,Inactive,Inactive,21,0,0,FALSE,off,2,101
676,Inactive,Inactive,21,0,0,FALSE,off,2,101
677,Inactive,Inactive,21,0,0,FALSE,off,2,101
678,Inactive,Inactive,21,0,0,FALSE,off,2,101
679,Inactive,Inactive,21,0,0,FALSE,off,2,101
680,Inactive,Inactive,21,0,0,FALSE,off,2,101
681,Inactive,Inactive,21,0,0,FALSE,off,2,100
682,Inactive,Inactive,21,0,0,FALSE,off,2,100
683,Inactive,Inactive,21,0,0,FALSE,off,2,100
684,Inactive,Inactive,21,0,0,FALSE,off,2,100
685,Inactive,Inactive,21,0,0,FALSE,off,2,100
686,Inactive,Inactive,21,0,0,FALSE,off,2,100
687,Inactive,Inactive,21,0,0,FALSE,off,2,100
688,Inactive,Inactive,21,0,0,FALSE,off,2,100
689,Inactive,Inactive,21,0,0,FALSE,off,2,100
690,Inactive,Inactive,21,0,0,FALSE,off,2,100
691,Inactive,Inactive,21,0,0,FALSE,off,2,99
692,Inactive,Inactive,21,0,0,FALSE,off,2,99
693,Inactive,Inactive,21,0,0,FALSE,off,2,99
694,Inactive,Inactive,21,0,0,FALSE,off,2,99
695,Inactive,Inactive,21,0,0,FALSE,off,2,99
696,Inactive,Inactive,21,0,0,FALSE,off,2,99
697,Inactive,Inactive,21,0,0,FALSE,off,2,99
698,Inactive,Inactive,21,0,0,FALSE,off,2,99
699,Inactive,Inactive,21,0,0,FALSE,off,2,99
700,Inactive,Inactive,21,0,0,FALSE,off,2,99
701,Inactive,Inactive,21,0,0,FALSE,off,2,98
702,Inactive,Inactive,21,0,0,FALSE,off,2,98
703,Inactive,Inactive,21,0,0,FALSE,off,2,98
704,Inactive,Inactive,21,0,0,FALSE,off,2,98
705,Inactive,Inactive,21,0,0,FALSE,off,2,98
706,Inactive,Inactive,21,0,0,FALSE,off,2,98
707,Inactive,Inactive,21,0,0,FALSE,off,2,98
708,Inactive,Inactive,21,0,0,FALSE,off,2,98
709,Inactive,Inactive,21,0,0,FALSE,off,2,98
710,Inactive,Inactive,21,0,0,FALSE,off,2,98
711,Inactive,Inactive,21,0,0,FALSE,off,2,97
712,Inactive,Inactive,21,0,0,FALSE,off,2,97
713,Inactive,Inactive,21,0,0,FALSE,off,2,97
714,Inactive,Inactive,21,0,0,FALSE,off,2,97
715,Inactive,Inactive,21,0,0,FALSE,off,2,97
716,Inactive,Inactive,21,0,0,FALSE,off,2,97
717,Inactive,Inactive,21,0,0,FALSE,off,2,97
718,Inactive,Inactive,21,0,0,FALSE,off,2,97
719,Inactive,Inactive,21,0,0,FALSE,off,2,97
720,Inactive,Inactive,21,0,0,FALSE,off,2,97
721,Inactive,Inactive,21,0,0,FALSE,off,2,96
722,Inactive,Inactive,21,0,0,FALSE,off,2,96
723,Inactive,Inactive,21,0,0,FALSE,off,2,96
724,Inactive,Inactive,21,0,0,FALSE,off,2,96
725,Inactive,Inactive,21,0,0,FALSE,off,2,96
726,Inactive,Inactive,21,0,0,FALSE,off,2,96
727,Inactive,Inactive,21,0,0,FALSE,off,2,96
728,Inactive,Inactive,21,0,0,FALSE,off,2,96
729,Inactive,Inactive,21,0,0,FALSE,off,2,96
730,Inactive,Inactive,21,0,0,FALSE,off,2,96
731,Inactive,Inactive,21,0,0,FALSE,off,2,95
732,Inactive,Inactive,21,0,0,FALSE,off,2,95
733,Inactive,Inactive,21,0,0,FALSE,off,2,95
734,Inactive,Inactive,21,0,0,FALSE,off,2,95
735,Inactive,Inactive,21,0,0,FALSE,off,2,95
736,Inactive,Inactive,21,0,0,FALSE,off,2,95
737,Inactive,Inactive,21,0,0,FALSE,off,2,95
738,Inactive,Inactive,21,0,0,FALSE,off,2,95
739,Inactive,Inactive,21,0,0,FALSE,off,2,95
740,Inactive,Inactive,21,0,0,FALSE,off,2,95
741,Inactive,Inactive,21,0,0,FALSE,off,2,94
742,Inactive,Inactive,21,0,0,FALSE,off,2,94
743,Inactive,Inactive,21,0,0,FALSE,off,2,94
744,Inactive,Inactive,21,0,0,FALSE,off,2,94
745,Inactive,Inactive,21,0,0,FALSE,off,2,94
746,Inactive,Inactive,21,0,0,FALSE,off,2,94
747,Inactive,Inactive,21,0,0,FALSE,off,2,94
748,Inactive,Inactive,21,0,0,FALSE,off,2,94
749,Inactive,Inactive,21,0,0,FALSE,off,2,94
750,Inactive,Inactive,21,0,0,FALSE,off,2,94
751,Inactive,Inactive,21,0,0,FALSE,off,2,93
752,Inactive,Inactive,21,0,0,FALSE,off,2,93
753,Inactive,Inactive,21,0,0,FALSE,off,2,93
754,Inactive,Inactive,21,0,0,FALSE,off,2,93
755,Inactive,Inactive,21,0,0,FALSE,off,2,93
756,Inactive,Inactive,21,0,0,FALSE,off,2,93
757,Inactive,Inactive,21,0,0,FALSE,off,2,93
758,Inactive,Inactive,21,0,0,FALSE,off,2,93
759,Inactive,Inactive,21,0,0,FALSE,off,2,93
760,Inactive,Inactive,21,0,0,FALSE,off,2,93
761,Inactive,Inactive,21,0,0,FALSE,off,2,92
762,Inactive,Inactive,21,0,0,FALSE,off,2,92
763,Inactive,Inactive,21,0,0,FALSE,off,2,92
764,Inactive,Inactive,21,0,0,FALSE,off,2,92
765,Inactive,Inactive,21,0,0,FALSE,off,2,92
766,Inactive,Inactive,21,0,0,FALSE,off,2,92
767,Inactive,Inactive,21,0,0,FALSE,off,2,92
768,Inactive,Inactive,21,0,0,FALSE,off,2,92
769,Inactive,Inactive,21,0,0,FALSE,off,2,92
770,Inactive,Inactive,21,0,0,FALSE,off,2,92
771,Inactive,Inactive,21,0,0,FALSE,off,2,91
772,Inactive,Inactive,21,0,0,FALSE,off,2,91
773,Inactive,Inactive,21,0,0,FALSE,off,2,91
774,Inactive,Inactive,21,0,0,FALSE,off,2,91
775,Inactive,Inactive,21,0,0,FALSE,off,2,91
776,Inactive,Inactive,21,0,0,FALSE,off,2,91
777,Inactive,Inactive,21,0,0,FALSE,off,2,91
778,Inactive,Inactive,21,0,0,FALSE,off,2,91
779,Inactive,Inactive,21,0,0,FALSE,off,2,91
780,Inactive,Inactive,21,0,0,FALSE,off,2,91
781,Inactive,Inactive,21,0,0,FALSE,off,2,90
782,Inactive,Inactive,21,0,0,FALSE,off,2,90
783,Inactive,Inactive,21,0,0,FALSE,off,2,90
784,Inactive,Inactive,21,0,0,FALSE,off,2,90
785,Inactive,Inactive,21,0,0,FALSE,off,2,90
786,Inactive,Inactive,21,0,0,FALSE,off,2,90
787,Inactive,Inactive,21,0,0,FALSE,off,2,90
788,Inactive,Inactive,21,0,0,FALSE,off,2,90
789,Inactive,Inactive,21,0,0,FALSE,off,2,90
790,Inactive,Inactive,21,0,0,FALSE,off,2,90
791,Inactive,Inactive,21,0,0,FALSE,off,2,89
792,Inactive,Inactive,21,0,0,FALSE,off,2,89
793,Inactive,Inactive,21,0,0,FALSE,off,2,89
794,Inactive,Inactive,21,0,0,FALSE,off,2,89
795,Inactive,Inactive,21,0,0,FALSE,off,2,89
796,Inactive,Inactive,21,0,0,FALSE,off,2,89
797,Inactive,Inactive,21,0,0,FALSE,off,2,89
798,Inactive,Inactive,21,0,0,FALSE,off,2,89
799,Inactive,Inactive,21,0,0,FALSE,off,2,89
800,Inactive,Inactive,21,0,0,FALSE,off,2,89
801,Inactive,Inactive,21,0,0,FALSE,off,2,88
802,Inactive,Inactive,21,0,0,FALSE,off,2,88
803,Inactive,Inactive,21,0,0,FALSE,off,2,88
804,Inactive,Inactive,21,0,0,FALSE,off,2,88
805,Inactive,Inactive,21,0,0,FALSE,off,2,88
806,Inactive,Inactive,21,0,0,FALSE,off,2,88
807,Inactive,Inactive,21,0,0,FALSE,off,2,88
808,Inactive,Inactive,21,0,0,FALSE,off,2,88
809,Inactive,Inactive,21,0,0,FALSE,off,2,88
810,Inactive,Inactive,21,0,0,FALSE,off,2,88
811,Inactive,Inactive,21,0,0,FALSE,off,2,87
812,Inactive,Inactive,21,0,0,FALSE,off,2,87
813,Inactive,Inactive,21,0,0,FALSE,off,2,87
814,Inactive,Inactive,21,0,0,FALSE,off,2,87
815,Inactive,Inactive,21,0,0,FALSE,off,2,87
816,Inactive,Inactive,21,0,0,FALSE,off,2,87
817,Inactive,Inactive,21,0,0,FALSE,off,2,87
818,Inactive,Inactive,21,0,0,FALSE,off,2,87
819,Inactive,Inactive,21,0,0,FALSE,off,2,87
820,Inactive,Inactive,21,0,0,FALSE,off,2,87
821,Inactive,Inactive,21,0,0,FALSE,off,2,86
822,Inactive,Inactive,21,0,0,FALSE,off,2,86
823,Inactive,Inactive,21,0,0,FALSE,off,2,86
824,Inactive,Inactive,21,0,0,FALSE,off,2,86
825,Inactive,Inactive,21,0,0,FALSE,off,2,86
826,Inactive,Inactive,21,0,0,FALSE,off,2,86
827,Inactive,Inactive,21,0,0,FALSE,off,2,86
828,Inactive,Inactive,21,0,0,FALSE,off,2,86
829,Inactive,Inactive,21,0,0,FALSE,off,2,86
830,Inactive,Inactive,21,0,0,FALSE,off,2,86
831,Inactive,Inactive,21,0,0,FALSE,off,2,85
832,Inactive,Inactive,21,0,0,FALSE,off,2,85
833,Inactive,Inactive,21,0,0,FALSE,off,2,85
834,Inactive,Inactive,21,0,0,FALSE,off,2,85
835,Inactive,Inactive,21,0,0,FALSE,off,2,85
836,Inactive,Inactive,21,0,0,FALSE,off,2,85
837,Inactive,Inactive,21,0,0,FALSE,off,2,85
838,Inactive,Inactive,21,0,0,FALSE,off,2,85
839,Inactive,Inactive,21,0,0,FALSE,off,2,85
840,Inactive,Inactive,21,0,0,FALSE,off,2,85
841,Inactive,Inactive,21,0,0,FALSE,off,2,84
842,Inactive,Inactive,21,0,0,FALSE,off,2,84
843,Inactive,Inactive,21,0,0,FALSE,off,2,84
844,Inactive,Inactive,21,0,0,FALSE,off,2,84
845,Inactive,Inactive,21,0,0,FALSE,off,2,84
846,Inactive,Inactive,21,0,0,FALSE,off,2,84
847,Inactive,Inactive,21,0,0,FALSE,off,2,84
848,Inactive,Inactive,21,0,0,FALSE,off,2,84
849,Inactive,Inactive,21,0,0,FALSE,off,2,84
850,Inactive,Inactive,21,0,0,FALSE,off,2,84
851,Inactive,Inactive,21,0,0,FALSE,off,2,83
852,Inactive,Inactive,21,0,0,FALSE,off,2,83
853,Inactive,Inactive,21,0,0,FALSE,off,2,83
854,Inactive,Inactive,21,0,0,FALSE,off,2,83
855,Inactive,Inactive,21,0,0,FALSE,off,2,83
856,Inactive,Inactive,21,0,0,FALSE,off,2,83
857,Inactive,Inactive,21,0,0,FALSE,off,2,83
858,Inactive,Inactive,21,0,0,FALSE,off,2,83
859,Inactive,Inactive,21,0,0,FALSE,off,2,83
860,Inactive,Inactive,21,0,0,FALSE,off,2,83
861,Inactive,Inactive,21,0,0,FALSE,off,2,82
862,Inactive,Inactive,21,0,0,FALSE,off,2,82
863,Inactive,Inactive,21,0,0,FALSE,off,2,82
864,Inactive,Inactive,21,0,0,FALSE,off,2,82
865,Inactive,Inactive,21,0,0,FALSE,off,2,82
866,Inactive,Inactive,21,0,0,FALSE,off,2,82
867,Inactive,Inactive,21,0,0,FALSE,off,2,82
868,Inactive,Inactive,21,0,0,FALSE,off,2,82
869,Inactive,Inactive,21,0,0,FALSE,off,2,82
870,Inactive,Inactive,21,0,0,FALSE,off,2,82
871,Inactive,Inactive,21,0,0,FALSE,off,2,81
872,Inactive,Inactive,21,0,0,FALSE,off,2,81
873,Inactive,Inactive,21,0,0,FALSE,off,2,81
874,Inactive,Inactive,21,0,0,FALSE,off,2,81
875,Inactive,Inactive,21,0,0,FALSE,off,2,81
876,Inactive,Inactive,21,0,0,FALSE,off,2,81
877,Inactive,Inactive,21,0,0,FALSE,off,2,81
878,Inactive,Inactive,21,0,0,FALSE,off,2,81
879,Inactive,Inactive,21,0,0,FALSE,off,2,81
880,Inactive,Inactive,21,0,0,FALSE,off,2,81
881,Inactive,Inactive,21,0,0,FALSE,off,2,80
882,Inactive,Inactive,21,0,0,FALSE,off,2,80
883,Inactive,Inactive,21,0,0,FALSE,off,2,80
884,Inactive,Inactive,21,0,0,FALSE,off,2,80
885,Inactive,Inactive,21,0,0,FALSE,off,2,80
886,Inactive,Inactive,21,0,0,FALSE,off,2,80
887,Inactive,Inactive,21,0,0,FALSE,off,2,80
888,Inactive,Inactive,21,0,0,FALSE,off,2,80
889,Inactive,Inactive,21,0,0,FALSE,off,2,80
890,Inactive,Inactive,21,0,0,FALSE,off,2,80
891,Inactive,Inactive,21,0,0,FALSE,off,2,79
892,Inactive,Inactive,21,0,0,FALSE,off,2,79
893,Inactive,Inactive,21,0,0,FALSE,off,2,79
894,Inactive,Inactive,21,0,0,FALSE,off,2,79
895,Inactive,Inactive,21,0,0,FALSE,off,2,79
896,Inactive,Inactive,21,0,0,FALSE,off,2,79
897,Inactive,Inactive,21,0,0,FALSE,off,2,79
898,Inactive,Inactive,21,0,0,FALSE,off,2,79
899,Inactive,Inactive,21,0,0,FALSE,off,2,79
900,Inactive,Inactive,21,0,0,FALSE,off,2,79
901,Inactive,Inactive,21,0,0,FALSE,off,2,78
902,Inactive,Inactive,21,0,0,FALSE,off,2,78
903,Inactive,Inactive,21,0,0,FALSE,off,2,78
904,Inactive,Inactive,21,0,0,FALSE,off,2,78
905,Inactive,Inactive,21,0,0,FALSE,off,2,78
906,Inactive,Inactive,21,0,0,FALSE,off,2,78
907,Inactive,Inactive,21,0,0,FALSE,off,2,78
908,Inactive,Inactive,21,0,0,FALSE,off,2,78
909,Inactive,Inactive,21,0,0,FALSE,off,2,78
910,Inactive,Inactive,21,0,0,FALSE,off,2,78
911,Inactive,Inactive,21,0,0,FALSE,off,2,77
912,Inactive,Inactive,21,0,0,FALSE,off,2,77
913,Inactive,Inactive,21,0,0,FALSE,off,2,77
914,Inactive,Inactive,21,0,0,FALSE,off,2,77
915,Inactive,Inactive,21,0,0,FALSE,off,2,77
916,Inactive,Inactive,21,0,0,FALSE,off,2,77
917,Inactive,Inactive,21,0,0,FALSE,off,2,77
918,Inactive,Inactive,21,0,0,FALSE,off,2,77
919,Inactive,Inactive,21,0,0,FALSE,off,2,77
920,Inactive,Inactive,21,0,0,FALSE,off,2,77
921,Inactive,Inactive,21,0,0,FALSE,off,2,76
922,Inactive,Inactive,21,0,0,FALSE,off,2,76
923,Inactive,Inactive,21,0,0,FALSE,off,2,76
924,Inactive,Inactive,21,0,0,FALSE,off,2,76
925,Inactive,Inactive,21,0,0,FALSE,off,2,76
926,Inactive,Inactive,21,0,0,FALSE,off,2,76
927,Inactive,Inactive,21,0,0,FALSE,off,2,76
928,Inactive,Inactive,21,0,0,FALSE,off,2,76
929,Inactive,Inactive,21,0,0,FALSE,off,2,76
930,Inactive,Inactive,21,0,0,FALSE,off,2,76
931,Inactive,Inactive,21,0,0,FALSE,off,2,75
932,Inactive,Inactive,21,0,0,FALSE,off,2,75
933,Inactive,Inactive,21,0,0,FALSE,off,2,75
934,Inactive,Inactive,21,0,0,FALSE,off,2,75
935,active,Inactive,21,1,0,FALSE,off,2,75
936,active,active,21,1,1,TRUE,off,3,75
937,active,active,21,1,1,TRUE,off,3,75
938,active,active,21,1,1,TRUE,off,3,75
939,active,active,21,1,1,TRUE,off,3,75
940,active,active,21,1,1,TRUE,off,3,75
941,active,active,21,1,1,TRUE,off,3,74
942,active,active,21,1,1,TRUE,off,3,74
943,active,active,21,1,1,TRUE,off,3,74
944,active,active,21,1,1,TRUE,off,3,74
945,active,active,21,1,1,TRUE,off,3,74
946,active,active,21,1,1,TRUE,off,3,74
947,active,active,21,1,1,TRUE,off,3,74
948,active,active,21,1,1,TRUE,off,3,74
949,active,active,21,1,1,TRUE,off,3,74
950,active,active,21,1,1,TRUE,off,3,74
951,active,active,21,1,1,TRUE,off,3,73
952,active,active,21,1,1,TRUE,off,3,73
953,active,active,21,1,1,TRUE,off,3,73
954,active,active,21,1,1,TRUE,off,3,73
955,active,active,21,1,1,TRUE,off,3,73
956,active,active,21,1,1,TRUE,off,3,73
957,active,active,21,1,1,TRUE,off,3,73
958,active,active,21,1,1,TRUE,off,3,73
959,active,active,21,1,1,TRUE,off,3,73
960,active,active,21,1,1,TRUE,off,3,73
961,active,active,21,1,1,TRUE,off,3,72
962,active,active,21,1,1,TRUE,off,3,72
963,active,active,21,1,1,TRUE,off,3,72
964,active,active,21,1,1,TRUE,off,3,72
965,active,active,21,1,1,TRUE,off,3,72
966,active,active,21,1,1,TRUE,off,3,72
967,active,active,21,1,1,TRUE,off,3,72
968,active,active,21,1,1,TRUE,off,3,72
969,active,active,21,1,1,TRUE,off,3,72
970,active,active,21,1,1,TRUE,off,3,72
971,active,active,21,1,1,TRUE,off,3,71
972,active,active,21,1,1,TRUE,off,3,71
973,active,active,21,1,1,TRUE,off,3,71
974,Inactive,active,21,0,1,FALSE,off,3,71
975,Inactive,active,21,0,1,FALSE,off,3,71
976,Inactive,active,21,0,1,FALSE,off,3,71
977,Inactive,active,21,0,1,FALSE,off,3,71
978,Inactive,active,21,0,1,FALSE,off,3,71
979,Inactive,Inactive,21,0,0,FALSE,off,3,71
980,Inactive,Inactive,21,0,0,FALSE,off,3,71
981,Inactive,Inactive,21,0,0,FALSE,off,3,70
982,Inactive,Inactive,21,0,0,FALSE,off,3,70
983,Inactive,Inactive,21,0,0,FALSE,off,3,70
984,Inactive,Inactive,21,0,0,FALSE,off,3,70
985,Inactive,Inactive,21,0,0,FALSE,off,3,70
986,Inactive,Inactive,21,0,0,FALSE,off,3,70
987,Inactive,Inactive,21,0,0,FALSE,off,3,70
988,Inactive,Inactive,21,0,0,FALSE,off,3,70
989,Inactive,Inactive,21,0,0,FALSE,off,3,70
990,Inactive,Inactive,21,0,0,FALSE,off,3,70
991,Inactive,Inactive,21,0,0,FALSE,off,3,69
992,Inactive,Inactive,21,0,0,FALSE,off,3,69
993,Inactive,Inactive,21,0,0,FALSE,off,3,69
994,Inactive,Inactive,21,0,0,FALSE,off,3,69
995,Inactive,Inactive,21,0,0,FALSE,off,3,69
996,Inactive,Inactive,21,0,0,FALSE,off,3,69
997,Inactive,Inactive,21,0,0,FALSE,off,3,69
998,Inactive,Inactive,21,0,0,FALSE,off,3,69
999,Inactive,Inactive,21,0,0,FALSE,off,3,69
1000,Inactive,Inactive,21,0,0,FALSE,off,3,69
1001,Inactive,Inactive,21,0,0,FALSE,off,3,68
1002,Inactive,Inactive,21,0,0,FALSE,off,3,68
1003,Inactive,Inactive,21,0,0,FALSE,off,3,68
1004,Inactive,Inactive,21,0,0,FALSE,off,3,68
1005,Inactive,Inactive,21,0,0,FALSE,off,3,68
1006,Inactive,Inactive,21,0,0,FALSE,off,3,68
1007,Inactive,Inactive,21,0,0,FALSE,off,3,68
1008,Inactive,Inactive,21,0,0,FALSE,off,3,68
1009,Inactive,Inactive,21,0,0,FALSE,off,3,68
1010,Inactive,Inactive,21,0,0,FALSE,off,3,68
1011,Inactive,Inactive,21,0,0,FALSE,off,3,67
1012,Inactive,Inactive,21,0,0,FALSE,off,3,67
1013,Inactive,Inactive,21,0,0,FALSE,off,3,67
1014,Inactive,Inactive,21,0,0,FALSE,off,3,67
1015,Inactive,Inactive,21,0,0,FALSE,off,3,67
1016,Inactive,Inactive,21,0,0,FALSE,off,3,67
1017,Inactive,Inactive,21,0,0,FALSE,off,3,67
1018,Inactive,Inactive,21,0,0,FALSE,off,3,67
1019,Inactive,Inactive,21,0,0,FALSE,off,3,67
1020,Inactive,Inactive,21,0,0,FALSE,off,3,67
1021,Inactive,Inactive,21,0,0,FALSE,off,3,66
1022,Inactive,Inactive,21,0,0,FALSE,off,3,66
1023,Inactive,Inactive,21,0,0,FALSE,off,3,66
1024,Inactive,Inactive,21,0,0,FALSE,off,3,66
1025,Inactive,Inactive,21,0,0,FALSE,off,3,66
1026,Inactive,Inactive,21,0,0,FALSE,off,3,66
1027,Inactive,Inactive,21,0,0,FALSE,off,3,66
1028,Inactive,Inactive,21,0,0,FALSE,off,3,66
1029,Inactive,Inactive,21,0,0,FALSE,off,3,66
1030,Inactive,Inactive,21,0,0,FALSE,off,3,66
1031,Inactive,Inactive,21,0,0,FALSE,off,3,65
1032,Inactive,Inactive,21,0,0,FALSE,off,3,65
1033,Inactive,Inactive,21,0,0,FALSE,off,3,65
1034,Inactive,Inactive,21,0,0,FALSE,off,3,65
1035,Inactive,Inactive,21,0,0,FALSE,off,3,65
1036,Inactive,Inactive,21,0,0,FALSE,off,3,65
1037,Inactive,Inactive,21,0,0,FALSE,off,3,65
1038,Inactive,Inactive,21,0,0,FALSE,off,3,65
1039,Inactive,Inactive,21,0,0,FALSE,off,3,65
1040,Inactive,Inactive,21,0,0,FALSE,off,3,65
1041,Inactive,Inactive,21,0,0,FALSE,off,3,64
1042,Inactive,Inactive,21,0,0,FALSE,off,3,64
1043,Inactive,Inactive,21,0,0,FALSE,off,3,64
1044,Inactive,Inactive,21,0,0,FALSE,off,3,64
1045,Inactive,Inactive,21,0,0,FALSE,off,3,64
1046,Inactive,Inactive,21,0,0,FALSE,off,3,64
1047,Inactive,Inactive,21,0,0,FALSE,off,3,64
1048,Inactive,Inactive,21,0,0,FALSE,off,3,64
1049,Inactive,Inactive,21,0,0,FALSE,off,3,64
1050,Inactive,Inactive,21,0,0,FALSE,off,3,64
1051,Inactive,Inactive,21,0,0,FALSE,off,3,63
1052,Inactive,Inactive,21,0,0,FALSE,off,3,63
1053,Inactive,Inactive,21,0,0,FALSE,off,3,63
1054,Inactive,Inactive,21,0,0,FALSE,off,3,63
1055,Inactive,Inactive,21,0,0,FALSE,off,3,63
1056,Inactive,Inactive,21,0,0,FALSE,off,3,63
1057,Inactive,Inactive,21,0,0,FALSE,off,3,63
1058,Inactive,Inactive,21,0,0,FALSE,off,3,63
1059,Inactive,Inactive,21,0,0,FALSE,off,3,63
1060,Inactive,Inactive,21,0,0,FALSE,off,3,63
1061,Inactive,Inactive,21,0,0,FALSE,off,3,62
1062,Inactive,Inactive,21,0,0,FALSE,off,3,62
1063,Inactive,Inactive,21,0,0,FALSE,off,3,62
1064,Inactive,Inactive,21,0,0,FALSE,off,3,62
1065,Inactive,Inactive,21,0,0,FALSE,off,3,62
1066,Inactive,Inactive,21,0,0,FALSE,off,3,62
1067,Inactive,Inactive,21,0,0,FALSE,off,3,62
1068,Inactive,Inactive,21,0,0,FALSE,off,3,62
1069,Inactive,Inactive,21,0,0,FALSE,off,3,62
1070,Inactive,Inactive,21,0,0,FALSE,off,3,62
1071,Inactive,Inactive,21,0,0,FALSE,off,3,61
1072,Inactive,Inactive,21,0,0,FALSE,off,3,61
1073,Inactive,Inactive,21,0,0,FALSE,off,3,61
1074,Inactive,Inactive,21,0,0,FALSE,off,3,61
1075,Inactive,Inactive,21,0,0,FALSE,off,3,61
1076,Inactive,Inactive,21,0,0,FALSE,off,3,61
1077,Inactive,Inactive,21,0,0,FALSE,off,3,61
1078,Inactive,Inactive,21,0,0,FALSE,off,3,61
1079,Inactive,Inactive,21,0,0,FALSE,off,3,61
1080,Inactive,Inactive,21,0,0,FALSE,off,3,61
1081,Inactive,Inactive,21,0,0,FALSE,off,3,60
1082,Inactive,Inactive,21,0,0,FALSE,off,3,60
1083,Inactive,Inactive,21,0,0,FALSE,off,3,60
1084,Inactive,Inactive,21,0,0,FALSE,off,3,60
1085,Inactive,Inactive,21,0,0,FALSE,off,3,60
1086,Inactive,Inactive,21,0,0,FALSE,off,3,60
1087,Inactive,Inactive,21,0,0,FALSE,off,3,60
1088,Inactive,Inactive,21,0,0,FALSE,off,3,60
1089,Inactive,Inactive,21,0,0,FALSE,off,3,60
1090,Inactive,Inactive,21,0,0,FALSE,off,3,60
1091,Inactive,Inactive,21,0,0,FALSE,off,3,59
1092,Inactive,Inactive,21,0,0,FALSE,off,3,59
1093,Inactive,Inactive,21,0,0,FALSE,off,3,59
1094,Inactive,Inactive,21,0,0,FALSE,off,3,59
1095,Inactive,Inactive,21,0,0,FALSE,off,3,59
1096,Inactive,Inactive,21,0,0,FALSE,off,3,59
1097,Inactive,Inactive,21,0,0,FALSE,off,3,59
1098,Inactive,Inactive,21,0,0,FALSE,off,3,59
1099,Inactive,Inactive,21,0,0,FALSE,off,3,59
1100,Inactive,Inactive,21,0,0,FALSE,off,3,59
1101,Inactive,Inactive,21,0,0,FALSE,off,3,58
1102,Inactive,Inactive,21,0,0,FALSE,off,3,58
1103,Inactive,Inactive,21,0,0,FALSE,off,3,58
1104,Inactive,Inactive,21,0,0,FALSE,off,3,58
1105,Inactive,Inactive,21,0,0,FALSE,off,3,58
1106,Inactive,Inactive,21,0,0,FALSE,off,3,58
1107,Inactive,Inactive,21,0,0,FALSE,off,3,58
1108,Inactive,Inactive,21,0,0,FALSE,off,3,58
1109,Inactive,Inactive,21,0,0,FALSE,off,3,58
1110,Inactive,Inactive,21,0,0,FALSE,off,3,58
1111,Inactive,Inactive,21,0,0,FALSE,off,3,57
1112,Inactive,Inactive,21,0,0,FALSE,off,3,57
1113,Inactive,Inactive,21,0,0,FALSE,off,3,57
1114,Inactive,Inactive,21,0,0,FALSE,off,3,57
1115,Inactive,Inactive,21,0,0,FALSE,off,3,57
1116,Inactive,Inactive,21,0,0,FALSE,off,3,57
1117,Inactive,Inactive,21,0,0,FALSE,off,3,57
1118,Inactive,Inactive,21,0,0,FALSE,off,3,57
1119,Inactive,Inactive,21,0,0,FALSE,off,3,57
1120,Inactive,Inactive,21,0,0,FALSE,off,3,57
1121,Inactive,Inactive,21,0,0,FALSE,off,3,56
1122,Inactive,Inactive,21,0,0,FALSE,off,3,56
1123,Inactive,Inactive,21,0,0,FALSE,off,3,56
1124,Inactive,Inactive,21,0,0,FALSE,off,3,56
1125,Inactive,Inactive,21,0,0,FALSE,off,3,56
1126,Inactive,Inactive,21,0,0,FALSE,off,3,56
1127,Inactive,Inactive,21,0,0,FALSE,off,3,56
1128,Inactive,Inactive,21,0,0,FALSE,off,3,56
1129,Inactive,Inactive,21,0,0,FALSE,off,3,56
1130,Inactive,Inactive,21,0,0,FALSE,off,3,56
1131,Inactive,active,21,0,1,FALSE,on,3,55
1132,Inactive,active,21,0,1,FALSE,on,3,55
1133,Inactive,active,21,0,1,FALSE,on,3,55
1134,Inactive,active,21,0,1,FALSE,on,3,55
1135,Inactive,active,21,0,1,FALSE,on,3,55
